group,variable,value
TGGCCAGGGTGCAGGAAAACA,5,3
GTGGCCAGGGTGCAGGAAAAC,5,3
CGTGGCCAGGGTGCAGGAAAA,5,3
TCGTGGCCAGGGTGCAGGAAA,5,3
TTCGTGGCCAGGGTGCAGGAA,5,3
CTTCGTGGCCAGGGTGCAGGA,5,3
GCTTCGTGGCCAGGGTGCAGG,5,3
GGCTTCGTGGCCAGGGTGCAG,5,4
AGGCTTCGTGGCCAGGGTGCA,5,4
CAGGCTTCGTGGCCAGGGTGC,5,4
ACAGGCTTCGTGGCCAGGGTG,5,4
CACAGGCTTCGTGGCCAGGGT,5,4
TCACAGGCTTCGTGGCCAGGG,5,4
CTCACAGGCTTCGTGGCCAGG,5,4
TCTCACAGGCTTCGTGGCCAG,5,4
CTCTCACAGGCTTCGTGGCCA,5,4
CCTCTCACAGGCTTCGTGGCC,5,4
ACCTCTCACAGGCTTCGTGGC,5,4
TACCTCTCACAGGCTTCGTGG,5,4
ATACCTCTCACAGGCTTCGTG,5,4
GATACCTCTCACAGGCTTCGT,5,4
AGATACCTCTCACAGGCTTCG,5,4
CAGATACCTCTCACAGGCTTC,5,5
ACAGATACCTCTCACAGGCTT,5,5
CACAGATACCTCTCACAGGCT,5,5
CCACAGATACCTCTCACAGGC,4,4
TCCACAGATACCTCTCACAGG,4,4
CTCCACAGATACCTCTCACAG,4,4
ACTCCACAGATACCTCTCACA,4,4
GACTCCACAGATACCTCTCAC,4,4
TGACTCCACAGATACCTCTCA,4,4
TTGACTCCACAGATACCTCTC,4,4
GTTGACTCCACAGATACCTCT,4,4
AGTTGACTCCACAGATACCTC,4,4
CAGTTGACTCCACAGATACCT,4,4
TCAGTTGACTCCACAGATACC,4,4
CTCAGTTGACTCCACAGATAC,4,4
CCTCAGTTGACTCCACAGATA,4,4
GCCTCAGTTGACTCCACAGAT,3,4
TGCCTCAGTTGACTCCACAGA,3,4
ATGCCTCAGTTGACTCCACAG,4,4
TATGCCTCAGTTGACTCCACA,4,4
CTATGCCTCAGTTGACTCCAC,3,4
CCTATGCCTCAGTTGACTCCA,3,3
CCCTATGCCTCAGTTGACTCC,3,3
CCCCTATGCCTCAGTTGACTC,3,3
CCCCCTATGCCTCAGTTGACT,3,3
TCCCCCTATGCCTCAGTTGAC,4,4
CTCCCCCTATGCCTCAGTTGA,4,4
CCTCCCCCTATGCCTCAGTTG,4,4
CCCTCCCCCTATGCCTCAGTT,4,3
CCCCTCCCCCTATGCCTCAGT,4,3
CCCCCTCCCCCTATGCCTCAG,4,3
ACCCCCTCCCCCTATGCCTCA,4,3
CACCCCCTCCCCCTATGCCTC,4,3
CCACCCCCTCCCCCTATGCCT,4,3
TCCACCCCCTCCCCCTATGCC,4,3
CTCCACCCCCTCCCCCTATGC,4,3
GCTCCACCCCCTCCCCCTATG,4,4
TGCTCCACCCCCTCCCCCTAT,4,4
TTGCTCCACCCCCTCCCCCTA,4,4
ATTGCTCCACCCCCTCCCCCT,4,4
TATTGCTCCACCCCCTCCCCC,4,4
CTATTGCTCCACCCCCTCCCC,4,4
TCTATTGCTCCACCCCCTCCC,4,4
TTCTATTGCTCCACCCCCTCC,4,4
TTTCTATTGCTCCACCCCCTC,4,4
GTTTCTATTGCTCCACCCCCT,2,-1
AGTTTCTATTGCTCCACCCCC,-1,-1
TAGTTTCTATTGCTCCACCCC,-1,-1
ATAGTTTCTATTGCTCCACCC,-1,-1
GATAGTTTCTATTGCTCCACC,-1,-1
TGATAGTTTCTATTGCTCCAC,-1,-1
GTGATAGTTTCTATTGCTCCA,-1,-1
TGTGATAGTTTCTATTGCTCC,-1,-1
CTGTGATAGTTTCTATTGCTC,-1,-1
ACTGTGATAGTTTCTATTGCT,-1,-1
CACTGTGATAGTTTCTATTGC,-1,-1
GCACTGTGATAGTTTCTATTG,-1,-1
AGCACTGTGATAGTTTCTATT,-1,-1
GAGCACTGTGATAGTTTCTAT,-1,-1
TGAGCACTGTGATAGTTTCTA,-1,-1
GTGAGCACTGTGATAGTTTCT,-1,-1
AGTGAGCACTGTGATAGTTTC,-1,-1
CAGTGAGCACTGTGATAGTTT,-1,-1
CCAGTGAGCACTGTGATAGTT,-1,-1
CCCAGTGAGCACTGTGATAGT,-1,-1
TCCCAGTGAGCACTGTGATAG,-1,-1
CTCCCAGTGAGCACTGTGATA,-1,-1
TCTCCCAGTGAGCACTGTGAT,-1,-1
TTCTCCCAGTGAGCACTGTGA,-1,-1
CTTCTCCCAGTGAGCACTGTG,-1,-1
ACTTCTCCCAGTGAGCACTGT,-1,-1
CACTTCTCCCAGTGAGCACTG,-1,-1
CCACTTCTCCCAGTGAGCACT,-1,-1
ACCACTTCTCCCAGTGAGCAC,-1,-1
CACCACTTCTCCCAGTGAGCA,-1,-1
GCACCACTTCTCCCAGTGAGC,-1,-1
GGCACCACTTCTCCCAGTGAG,-1,-1
TGGCACCACTTCTCCCAGTGA,-1,-1
CTGGCACCACTTCTCCCAGTG,-1,-1
TCTGGCACCACTTCTCCCAGT,-1,-1
CTCTGGCACCACTTCTCCCAG,-1,-1
CCTCTGGCACCACTTCTCCCA,-1,-1
ACCTCTGGCACCACTTCTCCC,-1,-1
CACCTCTGGCACCACTTCTCC,-1,-1
CCACCTCTGGCACCACTTCTC,-1,-1
ACCACCTCTGGCACCACTTCT,-1,-1
CACCACCTCTGGCACCACTTC,-1,-1
GCACCACCTCTGGCACCACTT,-1,-1
AGCACCACCTCTGGCACCACT,-1,-1
CAGCACCACCTCTGGCACCAC,-1,-1
CCAGCACCACCTCTGGCACCA,-1,-1
ACCAGCACCACCTCTGGCACC,-1,-1
CACCAGCACCACCTCTGGCAC,-1,-1
CCACCAGCACCACCTCTGGCA,-1,-1
TCCACCAGCACCACCTCTGGC,-1,-1
CTCCACCAGCACCACCTCTGG,-1,-1
GCTCCACCAGCACCACCTCTG,-1,-1
AGCTCCACCAGCACCACCTCT,-1,-1
GAGCTCCACCAGCACCACCTC,-1,-1
GGAGCTCCACCAGCACCACCT,-1,-1
TGGAGCTCCACCAGCACCACC,-1,-1
CTGGAGCTCCACCAGCACCAC,-1,-1
TCTGGAGCTCCACCAGCACCA,-1,-1
TTCTGGAGCTCCACCAGCACC,-1,-1
CTTCTGGAGCTCCACCAGCAC,-1,-1
CCTTCTGGAGCTCCACCAGCA,-1,-1
TCCTTCTGGAGCTCCACCAGC,-1,-1
CTCCTTCTGGAGCTCCACCAG,-1,-1
CCTCCTTCTGGAGCTCCACCA,-1,-1
TCCTCCTTCTGGAGCTCCACC,-1,-1
CTCCTCCTTCTGGAGCTCCAC,-1,-1
CCTCCTCCTTCTGGAGCTCCA,-1,-1
CCCTCCTCCTTCTGGAGCTCC,-1,-1
TCCCTCCTCCTTCTGGAGCTC,-1,-1
GTCCCTCCTCCTTCTGGAGCT,-1,-1
TGTCCCTCCTCCTTCTGGAGC,-1,-1
CTGTCCCTCCTCCTTCTGGAG,-1,-1
TCTGTCCCTCCTCCTTCTGGA,-1,-1
TTCTGTCCCTCCTCCTTCTGG,-1,-1
TTTCTGTCCCTCCTCCTTCTG,-1,-1
ATTTCTGTCCCTCCTCCTTCT,-1,-1
CATTTCTGTCCCTCCTCCTTC,-1,-1
ACATTTCTGTCCCTCCTCCTT,-1,-1
AACATTTCTGTCCCTCCTCCT,-1,-1
AAACATTTCTGTCCCTCCTCC,-1,-1
AAAACATTTCTGTCCCTCCTC,-1,-1